OBJECTID,CITY,MUNITYPE,CR_PNIM,DISTRICT,SUMACCIDEN,DEAD,SEVER_INJ,SLIGH_INJ,PEDESTRINJ,INJ0_19,INJ20_64,INJ65_,INJTOTAL,TOTDRIVERS,MOTORCYCLE,TRUCK,BICYCLE,PRIVATE,VEHICLE,YEARMONTH,ACC_INDEX,SUMINJ_AGE
1,Abu Ghosh,local council,472,Jerusalem,115,0,4,139,19,25,93,15,143,199,13,6,6,140,165,202007,60.807,133
2,Abu Sinan,local council,473,North,284,1,11,509,34,136,358,23,521,482,15,9,12,377,413,202007,42.416,517
3,Even Yehuda,local council,182,Central,270,3,12,341,39,56,255,38,356,522,35,15,8,394,452,202007,32.666,349
4,Umm al-Fahm,City,2710,Haifa,1063,5,41,1697,197,476,1170,59,1743,1801,70,62,13,1267,1412,202007,40.84,1705
5,Ofakim,City,31,South,313,3,13,388,65,81,274,44,404,513,10,13,26,346,395,202007,30.156,399
6,Or Yehuda,City,2400,Tel Aviv,1053,6,44,1243,177,169,959,124,1293,1870,220,59,46,1202,1527,202007,158.022,1252
7,Or Akiva,City,1020,Haifa,413,2,25,493,81,94,345,65,520,696,18,22,53,484,577,202007,74.468,504
8,Azor,local council,565,Tel Aviv,302,2,11,342,44,43,273,29,355,513,82,14,17,301,414,202007,136.265,345
9,Eilat,City,2600,South,1393,5,52,1671,270,295,1203,151,1728,2357,284,42,217,1211,1754,202007,13.839,1649
10,Iksal,local council,478,North,232,0,21,335,41,89,249,16,356,392,12,13,5,277,307,202007,25.482,354
11,al-Batuf,regional council,5565,North,59,1,5,77,14,28,53,2,83,91,1,2,2,66,71,202007,15.323,83
12,al-Kasom,regional council,5569,South,91,8,11,148,16,35,118,10,167,156,2,8,3,100,113,202007,2.351,163
13,Alona,regional council,5545,Haifa,70,6,9,137,1,33,113,6,152,139,5,10,2,95,112,202007,2.59,152
14,Elyakhin,local council,41,Central,31,0,3,34,6,8,22,6,37,50,3,2,2,30,37,202007,18.353,36
15,El'ad,City,1309,Central,381,1,12,481,101,150,302,21,494,651,56,19,42,399,516,202007,109.245,473
16,I'billin,local council,529,North,458,6,17,874,29,180,669,45,897,837,10,21,2,639,672,202007,37.903,894
17,Ashdod,City,70,South,6012,20,118,8095,937,1285,5996,772,8233,11279,518,436,396,8237,9587,202007,94.092,8053
18,Eshkol,regional council,5538,South,235,9,29,311,9,45,263,33,349,387,16,51,5,219,291,202007,0.319,341
19,Ashkelon,City,7100,South,5373,22,110,7371,722,1302,5412,652,7503,10041,371,261,280,7458,8370,202007,102.699,7366
20,Baqa al-Gharbiyye,City,6000,Haifa,780,2,31,1200,101,355,832,29,1233,1373,43,33,59,976,1111,202007,84.961,1216
21,Be'er Tuvia,regional council,5533,South,1354,13,37,1969,59,251,1604,133,2019,2688,77,136,19,2046,2278,202007,10.559,1988
22,Be'er Ya'akov,local council,2530,Central,538,1,17,699,64,126,527,49,717,1021,71,33,16,746,866,202007,56.86,702
23,Beersheba,City,9000,South,7496,38,197,10414,959,1433,7946,1158,10649,13533,408,306,228,9452,10394,202007,63.851,10537
24,Bustan al-Marj,regional council,5566,North,126,0,6,244,3,60,185,4,250,256,2,12,2,210,226,202007,13.994,249
25,Bu'eine Nujeidat,local council,482,North,95,1,7,147,17,37,113,5,155,148,3,3,1,113,120,202007,13.269,155
26,Buq'ata,local council,4001,North,66,1,6,107,8,20,85,9,114,95,0,1,3,64,68,202007,3.378,114
27,Bir al-Maksur,local council,998,North,100,0,6,149,12,30,123,2,155,170,2,7,4,127,140,202007,17.158,155
28,Beit Jann,local council,480,North,203,2,6,317,20,65,245,15,325,291,7,2,1,227,237,202007,28.198,325
29,Beit Dagan,local council,466,Central,161,0,3,201,13,23,159,16,204,294,32,12,7,191,242,202007,113.403,198
30,Bet She'an,City,9200,North,403,1,13,509,51,86,373,53,523,689,27,18,30,471,546,202007,54.557,512
31,Beit Shemesh,City,2610,Jerusalem,1132,8,61,1377,282,296,917,108,1446,1822,91,60,48,1123,1322,202007,29.564,1321
32,Bnei Brak,City,6100,Tel Aviv,3514,11,132,3914,929,769,2644,423,4057,5661,770,216,321,2874,4181,202007,478.194,3836
33,Bnei Ayish,local council,1066,Central,87,1,3,107,16,11,84,14,111,152,5,7,2,111,125,202007,106.462,109
34,Bnei Shimon,regional council,5541,South,1139,40,116,2045,39,344,1726,108,2201,2193,40,136,11,1564,1751,202007,3.072,2178
35,Binyamina-Giv'at Ada,local council,9800,Haifa,383,2,18,538,31,89,424,38,558,696,34,18,22,519,593,202007,15.699,551
36,Basma,local council,1326,Haifa,656,2,5,1023,35,167,806,51,1030,1189,15,52,4,855,926,202007,117.07,1024
37,Basmat Tab'un,local council,944,North,63,1,2,82,6,17,63,5,85,100,4,3,2,68,77,202007,16.032,85
38,Bi'ina,local council,483,North,195,0,6,375,29,103,263,14,381,338,6,7,3,265,281,202007,56.383,380
39,Brenner,regional council,5528,Central,292,6,9,415,11,53,324,49,430,566,39,19,7,427,492,202007,7.909,426
40,Bat Yam,City,6200,Tel Aviv,3447,12,137,3963,699,542,2697,724,4112,5691,783,109,282,3200,4374,202007,366.286,3963
41,Jadeidi-Makr,local council,1292,North,1045,6,13,2188,62,486,1652,64,2207,1977,44,50,37,1555,1686,202007,114.926,2202
42,Julis,local council,485,North,84,0,3,136,10,43,90,4,139,133,4,2,6,105,117,202007,21.011,137
43,Jaljulia,local council,627,Central,68,0,7,114,4,16,97,8,121,136,6,9,2,102,119,202007,35.917,121
44,Jisr az-Zarqa,local council,541,Haifa,148,3,6,181,71,68,107,10,190,220,2,10,25,127,164,202007,73.164,185
45,Jatt,local council,628,Haifa,347,3,20,632,22,172,458,19,655,616,11,28,11,463,513,202007,46.497,649
46,Giv'at Shmuel,City,681,Central,493,3,12,572,69,67,453,52,587,878,106,27,20,598,751,202007,191.453,572
47,Giv'atayim,City,6300,Tel Aviv,1116,7,50,1195,187,107,917,196,1252,1889,422,37,106,1014,1579,202007,344.192,1220
48,Gedera,local council,2550,Central,639,4,13,857,74,155,629,68,874,1260,49,56,29,966,1100,202007,55.891,852
49,Gederot,regional council,5532,Central,96,3,4,151,6,24,121,11,158,182,5,9,1,139,154,202007,6.997,156
50,Golan,regional council,5571,North,611,15,62,1133,11,242,859,94,1210,922,39,32,8,616,695,202007,0.562,1195
51,Jish (also: Gush Halav),local council,487,North,53,1,8,95,0,20,76,7,104,89,2,4,2,62,70,202007,7.506,103
52,Gezer,regional council,5530,Central,1173,12,68,1869,43,279,1487,163,1949,2423,97,126,27,1825,2075,202007,10.288,1929
53,Gan Yavne,local council,166,Central,562,5,16,757,41,139,572,49,778,1079,51,46,27,823,947,202007,49.071,760
54,Gan Rave,regional council,5527,Central,548,9,20,825,18,97,686,65,854,1089,60,50,9,853,972,202007,12.629,848
55,Ganei Tikva,local council,229,Central,146,0,7,158,37,28,97,37,165,230,26,7,10,149,192,202007,69.181,162
56,Daliyat al-Karmel,local council,494,Haifa,339,1,15,528,40,136,379,28,544,590,19,25,14,449,507,202007,35.912,543
57,Daburiyya,local council,489,North,235,2,13,391,15,101,291,13,406,410,4,12,6,310,332,202007,42.609,405
58,Dimona,City,2200,South,550,9,21,762,117,135,587,59,792,925,33,32,25,570,660,202007,2.495,781
59,Deir al-Asad,local council,490,North,392,2,6,806,40,180,602,27,814,680,8,12,6,529,555,202007,76.295,809
60,Deir Hanna,local council,492,North,451,2,15,1000,32,236,747,30,1017,777,2,11,4,556,573,202007,50.575,1013
61,Drom HaSharon,regional council,5520,Central,2589,26,118,3777,95,502,3098,256,3921,5116,302,273,55,3623,4253,202007,26.882,3856
62,Gilboa,regional council,5508,North,731,15,63,1459,23,282,1147,99,1537,1414,43,65,9,1030,1147,202007,2.902,1528
63,Upper Galilee,regional council,5501,North,660,4,46,1204,15,195,991,61,1254,1154,51,50,12,854,967,202007,2.229,1247
64,Lower Galilee,regional council,5503,North,623,7,46,1185,20,214,928,87,1238,1172,27,68,4,867,966,202007,3.231,1229
65,Hod Hasharon,City,9700,Central,1062,5,29,1298,158,184,966,150,1332,1978,209,42,69,1397,1717,202007,55.115,1300
66,Central Arava,regional council,5554,South,85,7,17,177,3,41,124,29,201,137,8,13,0,84,105,202007,0.055,194
67,Herzliya,City,6400,Tel Aviv,2733,11,75,3234,336,347,2477,369,3320,4980,569,129,153,3407,4258,202007,113.545,3193
68,Zevulun,regional council,5512,Haifa,1326,10,45,2383,23,328,1944,154,2438,2702,45,158,6,2109,2318,202007,21.577,2426
69,Zikhron Ya'akov,local council,9300,Haifa,403,2,18,556,51,92,414,56,576,712,42,14,13,526,595,202007,12.783,562
70,Zemer,local council,1290,Central,151,1,3,268,16,60,199,13,272,235,1,9,0,172,182,202007,18.367,272
71,Zarzir,local council,975,North,208,1,9,355,18,71,287,6,365,405,9,13,2,314,338,202007,51.466,364
72,Hevel Eilot,regional council,5553,South,193,13,23,342,2,61,275,32,378,303,27,17,2,209,255,202007,0.073,368
73,Hevel Yavne,regional council,5529,Central,588,4,22,847,13,49,735,77,873,1214,36,137,2,869,1044,202007,16.09,861
74,Hevel Modi'in,regional council,5525,Central,2366,29,92,3443,54,368,2879,243,3564,4821,274,258,25,3512,4069,202007,18.387,3490
75,Hadera,City,6500,Haifa,3469,10,125,4820,443,778,3555,519,4955,6331,315,189,237,4494,5235,202007,61.644,4852
76,Holon,City,6600,Tel Aviv,6378,18,168,7693,826,930,5711,1032,7879,11463,1534,293,343,7391,9561,202007,334.955,7673
77,Hof Ashkelon,regional council,5536,South,1108,12,46,1773,28,251,1420,129,1831,2188,56,106,8,1695,1865,202007,6.133,1800
78,Hof HaCarmel,regional council,5515,Haifa,920,14,65,1394,52,194,1127,132,1473,1645,92,69,35,1226,1422,202007,4.72,1453
79,Hof HaSharon,regional council,5519,Central,590,4,24,810,6,73,702,60,838,1228,79,41,4,936,1060,202007,32.323,835
80,Hof HaSharon,regional council,5519,Central,351,6,9,442,26,48,372,33,457,675,56,12,12,487,567,202007,11.587,453
81,Hof HaSharon,regional council,5519,Central,11,0,2,11,3,0,11,1,13,19,3,1,0,13,17,202007,7.449,12
82,Hura,local council,1303,South,80,4,8,120,21,36,88,6,132,137,2,10,5,75,92,202007,9.155,130
83,Hurfeish,local council,496,North,139,1,1,225,18,63,153,7,227,213,8,5,2,167,182,202007,27.637,223
84,Haifa,City,4000,Haifa,11692,33,384,15717,1554,1931,12174,1876,16134,21470,900,670,244,16038,17852,202007,160.319,15981
85,Hazor HaGelilit,local council,2034,North,214,0,3,291,31,32,230,26,294,380,12,10,6,285,313,202007,39.217,288
86,Harish,local council,1247,Haifa,113,0,3,185,8,34,142,7,188,208,3,11,5,149,168,202007,16.075,183
87,Tiberias,City,6700,North,1791,7,47,2542,260,484,1821,258,2596,3049,186,87,25,2109,2407,202007,110.586,2563
88,Tuba-Zangariyye,local council,962,North,44,0,7,60,6,22,39,4,67,66,1,3,3,41,48,202007,12.148,65
89,Tur'an,local council,498,North,178,0,5,317,19,69,238,12,322,316,1,10,4,245,260,202007,14.94,319
90,Tayibe,City,2730,Central,1201,10,41,1852,170,462,1330,77,1903,2137,46,67,34,1429,1576,202007,63.514,1869
91,Tira,City,2720,Central,614,3,22,851,90,169,656,35,876,1096,23,31,29,772,855,202007,51.807,860
92,Tirat Carmel,City,2100,Haifa,604,1,13,859,80,121,650,95,873,1099,39,35,12,816,902,202007,90.002,866
93,Tamra,City,8900,North,872,11,37,1630,94,372,1231,63,1678,1583,27,54,12,1226,1319,202007,29.291,1666
94,Yanuh-Jat,local council,1295,North,124,0,5,188,9,43,139,9,193,192,5,4,4,150,163,202007,9.148,191
95,Yavne'el,local council,46,North,72,0,5,109,11,21,79,13,114,128,6,5,1,89,101,202007,2.307,113
96,Yavne,City,2660,Central,1066,2,12,1380,157,241,1035,85,1394,1961,119,62,71,1443,1695,202007,65.133,1361
97,Yehud-Monosson,City,9400,Central,589,4,25,702,65,103,511,87,731,1062,113,30,27,733,903,202007,102.789,701
98,Yoav,regional council,5535,South,522,17,49,862,11,122,735,55,928,1007,36,71,10,705,822,202007,2.628,912
99,Yesod HaMa'ala,local council,29,North,22,0,2,39,3,10,29,2,41,35,1,1,1,17,20,202007,1.882,41
100,Yafia,local council,499,North,415,1,22,710,55,177,530,23,733,745,11,17,6,598,632,202007,101.716,730
101,Yokneam,City,240,North,733,1,28,1147,42,149,944,78,1176,1456,33,83,5,1090,1211,202007,88.192,1171
102,Yeruham,local council,831,South,78,0,4,113,17,22,74,18,117,117,3,1,8,78,90,202007,1.331,114
103,Jerusalem,City,3000,Jerusalem,18520,66,860,23381,4306,3966,16327,2202,24307,31444,2560,818,900,19659,23937,202007,147.524,22495
104,Yirka,local council,502,North,621,1,13,1123,70,255,831,44,1137,1119,20,17,7,884,928,202007,39.733,1130
105,Kabul,local council,504,North,263,1,9,505,31,153,342,16,515,425,6,7,6,326,345,202007,36.14,511
106,Kaukab Abu al-Hija,local council,505,North,125,0,1,245,5,52,188,5,246,243,1,5,1,175,182,202007,45.763,245
107,Kokhav Yair,local council,1224,Central,65,0,0,78,6,8,59,6,78,116,6,4,3,88,101,202007,21.335,73
108,Kuseife,local council,1059,South,39,1,4,47,12,15,36,1,52,51,0,0,2,29,31,202007,2.883,52
109,Kisra-Sumei,local council,1296,North,165,1,12,292,23,72,221,11,305,238,0,6,2,192,200,202007,11.656,304
110,Ka'abiyye-Tabbash-Hajajre,local council,978,North,47,0,2,71,4,17,54,2,73,71,0,1,3,50,54,202007,30.261,73
111,Kfar Bara,local council,633,Central,57,1,2,70,13,20,44,7,73,91,0,6,2,62,70,202007,24.994,71
112,Kfar Vradim,local council,1263,North,92,0,4,135,12,23,105,8,139,156,1,2,1,123,127,202007,18.947,136
113,Kafr Yasif,local council,507,North,570,1,12,1101,55,251,804,56,1114,1095,42,22,13,856,933,202007,214.239,1111
114,Kfar-Yona,City,168,Central,361,2,10,462,30,96,324,45,474,704,49,17,24,487,577,202007,31.362,465
115,Kfar Kama,local council,508,North,36,0,5,54,1,13,38,8,59,57,4,2,0,48,54,202007,4.078,59
116,Kfar Kanna,local council,509,North,642,1,20,1094,101,271,797,42,1115,1148,24,43,9,861,937,202007,63.838,1110
117,Kfar Manda,local council,510,North,391,2,14,725,77,227,486,23,741,683,10,18,7,483,518,202007,35.451,736
118,Kfar Saba,City,6900,Central,2399,9,76,2993,367,435,2199,381,3078,4382,321,116,163,3124,3724,202007,165.612,3015
119,Kfar-Kashem,City,634,Central,676,3,17,891,115,199,657,32,911,1150,42,57,26,784,909,202007,72.689,888
120,Kfar Qara,local council,654,Haifa,481,1,14,704,46,170,520,23,719,858,29,25,16,600,670,202007,61.591,713
121,Kfar Shmaryahu,local council,267,Tel Aviv,202,0,8,263,7,24,212,30,271,399,25,9,4,296,334,202007,74.044,266
122,Kfar Tavor,local council,47,North,189,4,14,310,3,48,257,22,328,369,7,23,0,276,306,202007,15.254,327
123,Karmiel,City,1139,North,1882,5,43,3088,224,547,2272,265,3136,3531,87,96,26,2716,2925,202007,85.434,3084
124,Lev HaSharon,regional council,5518,Central,590,6,29,850,23,116,709,51,885,1156,53,61,9,832,955,202007,10.743,876
125,Lehavim,local council,1271,South,68,0,4,100,3,14,84,5,104,125,6,9,1,90,106,202007,6.097,103
126,Lod,City,7000,Central,2473,11,73,3145,479,582,2259,235,3229,4329,190,109,180,2922,3401,202007,204.6,3076
127,Lakhish,regional council,5550,South,434,9,32,726,21,121,587,40,767,754,19,52,4,514,589,202007,1.145,748
128,Agam Dalton Area,Area without Judgement,9904,North,,,,,,,,,,,,,,,,202007,,0
129,Area between Dburia and Icsal,Area without Judgement,9932,North,,,,,,,,,,,,,,,,202007,,0
130,Between Hosen to Beit Vradim,Area without Judgement,9907,North,4,0,0,7,0,0,7,0,7,9,1,0,0,7,8,202007,6.009,7
131,Bik'at Beit Hanekufa,Area without Judgement,9924,North,7,0,0,24,1,7,17,0,24,13,0,0,0,11,11,202007,0.271,24
132,Givat Hamore Area,Area without Judgement,9934,North,,,,,,,,,,,,,,,,202007,,0
133,Ha'arbel Area,Area without Judgement,9926,North,,,,,,,,,,,,,,,,202007,,0
134,Kineret Area,Area without Judgement,9920,North,,,,,,,,,,,,,,,,202007,,0
135,Hasayag Area,Area without Judgement,9971,South,366,24,53,699,20,137,607,29,776,642,14,46,1,418,479,202007,0.631,773
136,Mount Carmel Area,Area without Judgement,9936,Haifa,201,3,20,345,2,43,301,22,368,401,7,41,0,300,348,202007,2.501,366
137,Mount Miron Area,Area without Judgement,9903,North,52,2,10,118,1,32,83,15,130,81,3,0,0,73,76,202007,0.919,130
138,Mount Sasa Area,Area without Judgement,9905,North,,,,,,,,,,,,,,,,202007,,0
139,Mount Tavor Area,Area without Judgement,9930,North,1,0,0,1,0,0,1,0,1,1,1,0,0,0,1,202007,0.285,1
140,Shapdan Area,Area without Judgement,9965,Central,,,,,,,,,,,,,,,,202007,,0
141,Ivneh Sands Area,Area without Judgement,9968,Central,,,,,,,,,,,,,,,,202007,,0
142,Halutz Area,Area without Judgement,9910,North,,,,,,,,,,,,,,,,202007,,0
143,Alona Forest Area,Area without Judgement,9940,Haifa,,,,,,,,,,,,,,,,202007,,0
144,Yawar Horashim Area,Area without Judgement,9961,Central,,,,,,,,,,,,,,,,202007,,0
145,Yawar Menashe Area,Area without Judgement,9944,Haifa,345,4,17,685,9,140,531,31,706,708,13,34,4,526,577,202007,45.905,702
146,6535 Road,Area without Judgement,9955,Haifa,8,0,0,18,0,4,14,0,18,13,1,0,0,8,9,202007,25.597,18
147,Kfar Kana Area,Area without Judgement,9928,North,32,0,2,57,0,6,48,5,59,61,1,4,0,47,52,202007,6.299,59
148,Kfar Tavor Area,Area without Judgement,9931,North,,,,,,,,,,,,,,,,202007,,0
149,Ma'agar Tzalmon,Area without Judgement,9923,North,6,0,0,18,0,4,14,0,18,11,0,0,0,8,8,202007,5.527,18
150,Ma'agarei Menashe,Area without Judgement,9945,Haifa,189,2,12,293,7,40,246,16,307,376,8,18,6,287,319,202007,15.492,302
151,South Gedi'ida Machr,Area without Judgement,9917,North,93,0,0,262,0,47,209,6,262,208,3,7,0,168,178,202007,36.64,262
152,South Julis Area,Area without Judgement,9915,North,,,,,,,,,,,,,,,,202007,,0
153,South Mechlaf Shorashim,Area without Judgement,9962,Central,12,0,1,26,0,7,20,0,27,28,0,4,0,19,23,202007,21.124,27
154,South Rosh Ha'ain Area,Area without Judgement,9963,Central,,,,,,,,,,,,,,,,202007,,0
155,Moshav Omez,Area without Judgement,9958,Central,18,0,1,28,1,7,21,1,29,34,0,3,0,24,27,202007,7.768,29
156,Mushirifa,Area without Judgement,9942,Haifa,40,0,2,80,0,17,60,4,82,76,1,5,0,58,64,202007,136.536,81
157,East Kfar Tba'arin,Area without Judgement,9973,South,,,,,,,,,,,,,,,,202007,,0
158,Machlaf Gila'an,Area without Judgement,9935,Haifa,11,0,2,16,0,1,12,5,18,19,0,0,0,17,17,202007,31.168,18
159,Meitar Area,Area without Judgement,9972,South,1,0,0,1,0,0,1,0,1,2,0,0,0,2,2,202007,0.096,1
160,West Gedi'ida Machr,Area without Judgement,9916,North,,,,,,,,,,,,,,,,202007,,0
161,Ma'avar Eyal,Area without Judgement,9959,Central,,,,,,,,,,,,,,,,202007,,0
162,Mailia,Area without Judgement,9901,North,20,0,3,36,1,8,29,1,39,28,2,0,0,20,22,202007,1.783,38
163,West Carmiel,Area without Judgement,9919,North,,,,,,,,,,,,,,,,202007,,0
164,West Baka-el Garbi'ia,Area without Judgement,9951,Haifa,,,,,,,,,,,,,,,,202007,,0
165,West Barta'a,Area without Judgement,9947,Haifa,,,,,,,,,,,,,,,,202007,,0
166,West Kfar Yasin,Area without Judgement,9911,North,,,,,,,,,,,,,,,,202007,,0
167,Mitzpe Eilot,Area without Judgement,9933,North,,,,,,,,,,,,,,,,202007,,0
168,North Basmat Tivon,Area without Judgement,9938,Haifa,6,0,0,10,0,1,8,1,10,10,0,0,1,6,7,202007,124.883,10
169,North Ircha,Area without Judgement,9909,North,,,,,,,,,,,,,,,,202007,,0
170,North Ma'a lot,Area without Judgement,9902,North,,,,,,,,,,,,,,,,202007,,0
171,North Katzir,Area without Judgement,9946,Haifa,,,,,,,,,,,,,,,,202007,,0
172,North Shibli,Area without Judgement,9929,North,,,,,,,,,,,,,,,,202007,,0
173,Mikveh Israel,Area without Judgement,9970,Tel Aviv,672,1,23,903,7,87,760,66,927,1387,146,50,12,975,1183,202007,85.42,913
174,Mishmar Hayarden,Area without Judgement,9906,North,,,,,,,,,,,,,,,,202007,,0
175,Nahal Arbel Area,Area without Judgement,9925,North,,,,,,,,,,,,,,,,202007,,0
176,Nahak Ban'a,Area without Judgement,9941,Haifa,,,,,,,,,,,,,,,,202007,,0
177,Nahal Itzhar Area,Area without Judgement,9912,North,,,,,,,,,,,,,,,,202007,,0
178,Ben-Gurion Airport Area,Area without Judgement,9964,Central,342,1,6,445,38,33,367,40,452,629,19,18,4,411,452,202007,21.269,440
179,Salam Area,Area without Judgement,9956,Haifa,,,,,,,,,,,,,,,,202007,,0
180,Emek Ayalon Area,Area without Judgement,9967,Central,8,6,1,31,0,8,27,1,38,19,0,1,0,16,17,202007,1.085,36
181,Arad Area,Area without Judgement,9974,South,,,,,,,,,,,,,,,,202007,,0
182,Julis Junction,Area without Judgement,9913,North,,,,,,,,,,,,,,,,202007,,0
183,Hanania Junction,Area without Judgement,9914,North,93,3,16,215,0,50,161,21,234,162,3,7,0,129,139,202007,27.737,232
184,Tzomet Metzer,Area without Judgement,9950,Haifa,,,,,,,,,,,,,,,,202007,,0
185,North Carmiel,Area without Judgement,9918,North,46,0,0,109,1,27,78,4,109,94,1,3,0,79,83,202007,1557.851,109
186,Ravid Area,Area without Judgement,9922,North,18,0,2,43,0,14,31,0,45,30,0,0,0,26,26,202007,14.029,45
187,Romat Hai'ab,Area without Judgement,9927,North,,,,,,,,,,,,,,,,202007,,0
188,Ramat Hanadiv,Area without Judgement,9939,Haifa,,,,,,,,,,,,,,,,202007,,0
189,Sha'ar Ha'amakin,Area without Judgement,9937,Haifa,2,0,0,3,0,0,3,0,3,4,0,0,0,3,3,202007,0.648,3
190,Tel Hashomer Area,Area without Judgement,9969,Tel Aviv,4,0,0,8,0,0,7,1,8,10,0,0,0,9,9,202007,2.251,8
191,Ezor Ta'asia,Area without Judgement,9960,Central,,,,,,,,,,,,,,,,202007,,0
192,Itla Stream,Area without Judgement,9975,Jerusalem,,,,,,,,,,,,,,,,202007,,0
193,Lakiya,local council,1060,South,48,2,5,72,12,23,53,2,79,79,3,2,1,52,58,202007,6.994,78
194,Mevo'ot HaHermon,regional council,5555,North,246,1,18,459,3,79,364,31,478,413,14,16,1,297,328,202007,1.825,474
195,Mevaseret Zion,local council,1015,Jerusalem,705,0,16,978,69,106,751,80,994,1438,59,46,7,1103,1215,202007,112.255,937
196,Majd al-Krum,local council,516,North,696,3,24,1458,64,316,1109,42,1485,1283,18,26,31,977,1052,202007,75.231,1467
197,Majdal Shams,local council,4201,North,192,4,8,330,14,87,238,14,342,305,3,3,2,209,217,202007,12.482,339
198,Maghar,local council,481,North,656,2,13,1282,49,292,945,57,1297,1099,11,30,3,842,886,202007,31.684,1294
199,Migdal,local council,65,North,142,0,11,265,4,59,201,12,276,246,10,7,0,180,197,202007,12.212,272
200,Migdal HaEmek,City,874,North,623,1,18,882,98,140,691,64,901,1087,35,28,11,803,877,202007,71.487,895
201,Migdal Tefen,Industrial Local Council,1722,North,44,0,0,78,0,9,64,5,78,79,2,3,0,64,69,202007,16.35,78
202,Megiddo,regional council,5513,North,1093,10,50,1979,28,320,1598,109,2039,2137,80,130,7,1551,1768,202007,6.308,2027
203,Modi'in-Maccabim-Re'ut,City,1200,Central,1528,2,24,1993,190,367,1450,142,2019,2752,193,77,79,2038,2387,202007,31.618,1959
204,Mazkeret Batya,local council,28,Central,206,0,8,267,22,63,196,14,275,385,35,8,16,294,353,202007,27.746,273
205,Mazra'a,local council,517,North,142,1,3,238,13,39,174,28,242,277,6,7,6,225,244,202007,144.365,241
206,Matte Asher,regional council,5504,North,2066,27,103,3792,39,645,3020,236,3922,3979,122,138,30,3154,3444,202007,9.571,3901
207,Mateh Yehuda,regional council,5526,Jerusalem,1945,28,137,3022,70,511,2416,177,3187,3689,257,179,37,2625,3098,202007,4.045,3104
208,Metula,local council,43,North,15,0,1,17,2,2,13,2,18,24,1,1,0,17,19,202007,1.597,17
209,Meitar,local council,1268,South,105,0,6,165,2,20,136,13,171,193,6,7,1,132,146,202007,2.705,169
210,Menashe,regional council,5514,Haifa,179,4,9,321,4,72,237,18,334,343,8,18,4,256,286,202007,5.305,327
211,Menashe,regional council,5514,Haifa,1106,9,66,2040,18,386,1632,83,2115,2066,65,103,9,1521,1698,202007,14.199,2101
212,Mas'ada,local council,4203,North,74,2,5,113,10,34,81,5,120,119,1,5,4,69,79,202007,6.161,120
213,Mi'ilya,local council,518,North,89,0,2,142,7,24,108,12,144,137,1,3,0,119,123,202007,54.645,144
214,Ma'ale Yosef,regional council,5552,North,494,4,25,916,16,180,719,41,945,765,44,17,9,591,661,202007,5.285,940
215,Ma'ale Iron,local council,1327,Haifa,137,1,5,276,17,82,193,6,282,244,7,6,0,180,193,202007,22.707,281
216,Ma'alot-Tarshiha,City,1063,North,434,1,12,661,83,115,476,73,674,730,14,17,7,575,613,202007,46.866,664
217,Mitzpe Ramon,local council,99,South,85,2,8,121,11,25,90,13,131,114,17,6,1,70,94,202007,1.121,128
218,Merom HaGalil,regional council,5502,North,673,10,51,1367,23,291,1072,55,1428,1159,32,42,6,864,944,202007,3.78,1418
219,Merhavim,regional council,5542,South,219,8,19,390,11,72,315,28,417,404,3,32,2,276,313,202007,0.441,415
220,Misgav,regional council,5556,North,1567,11,53,3483,32,683,2714,137,3547,2839,43,66,12,2072,2193,202007,9.65,3534
221,Mashhad,local council,520,North,170,1,10,317,20,98,209,13,328,317,2,10,2,244,258,202007,23.595,320
222,Naot Hovav,Industrial Local Council,1770,South,8,0,0,14,0,4,9,1,14,14,1,0,0,7,8,202007,0.117,14
223,Nahariyya,City,9100,North,1919,6,62,2633,286,487,1914,273,2701,3586,201,86,236,2525,3048,202007,139.283,2674
224,Neve Midbar,regional council,5568,South,24,6,7,26,7,16,22,1,39,37,1,2,1,20,24,202007,0.733,39
225,Nof HaGalil,City,1061,North,1919,3,38,2903,200,527,2111,283,2944,3402,66,67,11,2577,2721,202007,58.378,2921
226,Nahal Sorek,regional council,5531,Central,339,0,21,518,13,67,427,37,539,663,13,58,8,463,542,202007,11.969,531
227,Nahf,local council,522,North,429,1,12,886,36,181,680,30,899,811,12,12,3,656,683,202007,70.709,891
228,Ness Ziona,City,7200,Central,1062,7,24,1399,138,183,1038,187,1430,1977,144,47,50,1498,1739,202007,67.75,1408
229,Nazareth,City,7300,North,2713,9,35,4305,319,937,3150,232,4349,4947,117,144,20,3771,4052,202007,191.433,4319
230,Nesher,City,2500,Haifa,776,1,24,1114,59,142,901,90,1139,1425,62,38,6,1116,1222,202007,59.948,1133
231,Netivot,City,246,South,703,0,22,907,139,222,612,81,929,1192,21,28,58,781,888,202007,46.029,915
232,Netanya,City,7400,Central,5557,25,166,7027,1062,1003,5172,882,7218,10141,753,239,418,6973,8383,202007,159.92,7057
233,Sajur,local council,525,North,43,0,1,65,3,5,55,5,66,69,0,1,0,51,52,202007,12.05,65
234,Savyon,local council,587,Central,125,1,5,152,17,25,111,14,158,220,31,6,7,146,190,202007,33.603,150
235,Sakhnin,City,7500,North,1873,1,22,4013,191,1043,2910,68,4036,3498,28,58,12,2523,2621,202007,162.462,4021
236,Omer,local council,666,South,211,3,14,316,9,57,248,22,333,407,6,21,3,297,327,202007,11.58,327
237,Isfiya,local council,534,Haifa,359,0,26,597,31,114,465,39,623,655,20,15,5,526,566,202007,49.996,618
238,Eilabun,local council,530,North,197,2,8,408,5,77,321,20,418,335,3,6,2,255,266,202007,40.19,418
239,Ilut,local council,511,North,158,1,8,242,24,59,183,8,251,259,4,14,2,193,213,202007,50.733,250
240,Ein Mahil,local council,532,North,91,0,5,125,39,41,87,2,130,137,0,6,1,98,105,202007,17.462,130
241,Ein Qiniyye,local council,4502,North,12,0,1,26,0,11,16,0,27,16,0,0,1,14,15,202007,2.217,27
242,Acre,City,7600,North,2419,8,59,3691,324,665,2818,254,3758,4566,160,134,218,3333,3845,202007,138.27,3737
243,Emek HaYarden,regional council,5506,North,483,4,29,916,23,199,678,49,949,884,30,41,6,655,732,202007,2.601,926
244,Valley of Springs (formerly Beit She'an Valley),regional council,5507,North,285,2,24,515,10,123,376,33,541,472,22,27,10,333,392,202007,1.143,532
245,Hefer Valley (Emek Hefer),regional council,5516,Central,1895,23,69,2834,52,334,2321,251,2926,3821,161,151,32,2907,3251,202007,14.58,2906
246,Jezrael Valley,regional council,5509,North,2185,33,162,3943,47,671,3228,227,4138,4344,76,210,11,3382,3679,202007,6.575,4126
247,Afula,City,7700,North,2384,6,44,3609,260,556,2794,284,3659,4388,102,126,64,3306,3598,202007,81.727,3634
248,Ar'abe,City,531,North,941,1,26,2013,104,587,1386,61,2040,1706,18,33,4,1171,1226,202007,112.04,2034
249,Arad,City,2560,South,321,6,18,513,60,105,362,54,537,515,22,13,11,303,349,202007,2.545,521
250,Ar'ara,local council,637,Haifa,243,2,11,321,46,100,219,10,334,410,18,11,19,275,323,202007,26.479,329
251,Ar'arat an-Naqab,local council,1192,South,94,3,19,124,39,59,82,3,146,137,1,3,0,86,90,202007,6.702,144
252,Fureidis,local council,537,Haifa,227,4,14,356,54,79,271,15,374,397,18,17,11,285,331,202007,55.95,365
253,Fassuta,local council,535,North,60,1,1,101,5,20,73,8,103,81,1,4,0,64,69,202007,5.429,101
254,Peki'in,local council,536,North,80,0,6,131,8,29,103,4,137,129,2,4,0,105,111,202007,14.367,136
255,Pardes Hanna-Karkur,local council,7800,Haifa,1061,5,40,1451,135,242,1093,135,1496,1958,91,51,65,1454,1661,202007,46.447,1470
256,Pardesiya,local council,171,Central,91,0,0,129,6,20,91,17,129,180,10,5,2,132,149,202007,61.713,128
257,Petah Tikva,City,7900,Central,7462,20,219,8928,1186,1119,6700,1047,9167,13561,1569,377,553,9012,11511,202007,209.624,8866
258,Safed,City,8000,North,857,4,41,1148,147,241,786,107,1193,1384,61,29,25,902,1017,202007,28.625,1134
259,Kadima-Zoran,local council,195,Central,334,1,9,429,35,74,315,46,439,637,53,16,18,457,544,202007,31.847,435
260,Qalansawe,City,638,Central,597,2,16,854,93,235,587,30,872,1030,17,42,38,663,760,202007,71.59,852
261,Katzrin,local council,4100,North,89,0,3,132,14,19,105,9,135,151,6,1,3,107,117,202007,8.173,133
262,Kiryat Ono,City,2620,Tel Aviv,738,3,19,839,106,102,604,124,861,1264,152,27,28,853,1060,202007,162.017,830
263,Kiryat Ata,City,6800,Haifa,1806,5,54,2616,205,402,1990,270,2675,3346,123,118,58,2470,2769,202007,104.159,2662
264,Kiryat Bialik,City,9500,Haifa,915,2,31,1274,145,175,956,160,1307,1688,53,49,45,1307,1454,202007,106.491,1291
265,Kiryat Gat,City,2630,South,1432,4,37,1788,264,231,1342,150,1829,2479,48,88,59,1765,1960,202007,90.422,1723
266,Kiryat Tivon,local council,2300,Haifa,291,1,12,367,37,42,272,62,380,516,18,16,2,402,438,202007,35.293,376
267,Kiryat Yam,City,9600,Haifa,804,1,40,1162,127,167,840,187,1203,1450,35,22,71,1062,1190,202007,70.915,1194
268,Kiryat Ye'arim,local council,1137,Jerusalem,18,0,0,24,3,7,13,1,24,26,0,0,2,13,15,202007,36.116,21
269,Kiryat Motzkin,City,8200,Haifa,1086,7,50,1458,184,200,1081,224,1515,1976,53,28,78,1477,1636,202007,283.163,1505
270,Kiryat Malakhi,City,1034,South,419,1,13,521,98,95,373,49,535,727,18,27,15,519,579,202007,91.511,517
271,Kiryat Ekron,local council,469,Central,402,2,13,610,53,114,435,68,625,770,45,20,17,589,671,202007,172.415,617
272,Kiryat Shmona,City,2800,North,494,1,9,754,66,152,551,54,764,913,41,29,22,676,768,202007,34.347,757
273,Rameh,local council,543,North,470,1,13,896,22,153,708,44,910,884,8,39,0,703,750,202007,72.401,905
274,Rosh HaAyin,City,2640,Central,1129,5,24,1380,155,197,1070,94,1409,2070,175,68,61,1435,1739,202007,71.162,1361
275,Rosh Pinna,local council,26,North,236,1,13,386,18,64,306,27,400,454,20,20,2,336,378,202007,14.036,397
276,Rishon LeZion,City,8300,Central,8359,36,235,10703,1105,1369,8277,1152,10974,15573,1375,450,345,11402,13572,202007,135.009,10798
277,Ghajar,local council,4501,North,4,0,0,7,0,1,6,0,7,6,0,0,0,5,5,202007,1.672,7
278,Rahat,City,1161,South,446,7,49,544,184,205,360,27,600,682,4,30,18,431,483,202007,13.317,592
279,Rehovot,City,8400,Central,3284,11,75,4170,550,688,3012,486,4256,6023,487,113,246,4379,5225,202007,138.229,4186
280,Reineh,local council,542,North,405,2,18,715,60,201,505,22,735,747,8,23,4,599,634,202007,37.34,728
281,Rekhasim,local council,922,Haifa,94,0,7,132,11,39,88,11,139,165,1,6,9,107,123,202007,28.384,138
282,Ramla,City,8500,Central,2451,10,70,3369,354,606,2484,273,3449,4560,223,172,78,3291,3764,202007,204.377,3363
283,Ramat Gan,City,8600,Tel Aviv,5385,19,175,6144,751,556,4764,782,6338,9596,1558,230,384,5666,7838,202007,328.455,6102
284,Ramat HaSharon,City,2650,Tel Aviv,1694,5,67,2054,138,178,1683,226,2126,3239,370,115,47,2270,2802,202007,101.787,2087
285,Ramat Yishai,local council,122,North,125,0,0,164,8,21,135,7,164,232,11,12,2,167,192,202007,53.596,163
286,Ramat HaNegev,regional council,5548,South,299,14,52,517,7,78,466,33,583,538,24,28,5,378,435,202007,0.073,577
287,Ra'anana,City,8700,Central,1612,8,33,2004,216,275,1459,267,2045,3024,263,68,112,2141,2584,202007,108.453,2001
288,Shibli-Umm al-Ghanam,local council,913,North,63,2,10,71,6,23,54,6,83,112,1,3,1,79,84,202007,21.824,83
289,Shaqib al-Salam,local council,1286,South,69,2,12,72,32,23,58,3,86,107,4,5,1,65,75,202007,5.102,84
290,Sdot Dan,regional council,5540,Central,937,8,41,1255,39,114,1081,96,1304,1874,139,64,19,1379,1601,202007,29.444,1291
291,Sdot Negev (Azata),regional council,5539,South,311,0,17,522,13,89,411,33,539,574,7,27,5,430,469,202007,2.718,533
292,Sderot,City,1031,South,482,3,13,645,97,125,464,61,661,829,25,35,30,560,650,202007,76.42,650
293,Shoham,local council,1304,Central,282,3,4,341,31,36,278,23,348,486,43,29,9,327,408,202007,39.384,337
294,Shlomi,local council,812,North,100,1,5,143,13,31,108,10,149,166,10,5,6,113,134,202007,17.081,149
295,Sha'ab,local council,538,North,189,0,9,377,20,96,279,9,386,308,3,6,2,217,228,202007,35.107,384
296,Sha'ar HaNegev,regional council,5537,South,363,6,32,561,12,90,449,47,599,638,12,37,6,467,522,202007,2.011,586
297,Shafir,regional council,5534,South,440,13,28,714,21,91,596,58,755,817,21,54,3,582,660,202007,5.388,745
298,Shfar'am,City,8800,North,1470,7,45,2535,139,557,1895,111,2587,2726,40,87,29,2124,2280,202007,75.07,2563
299,Tel Aviv-Yafo,City,5000,Tel Aviv,24594,90,1000,27702,3112,2245,22381,3010,28792,43300,8094,907,2750,21980,33731,202007,430.131,27636
300,Tel Mond,local council,154,Central,203,0,7,263,18,45,196,23,270,383,35,8,7,273,323,202007,28.484,264
301,Tel sheva,local council,1054,South,83,4,10,101,32,46,68,1,115,126,1,1,4,86,92,202007,8.81,115
302,Tamar,regional council,5551,South,231,27,51,333,12,45,324,36,411,358,32,52,1,195,280,202007,0.147,405
303,Judea and Samaria,Judea and Samaria Area,,Judea and Samaria,6860,180,590,11306,767,2404,8790,614,12076,12293,535,449,137,7931,9052,202007,1.175,11808
